avg_daily_watch_count,late_night_ratio,weekend_ratio,shorts_ratio,sessions_per_day,binge_session_length,category_entropy
73.3869067386174,0.17715958432998197,0.4009156418580173,0.02562558513456753,4.016532160376074,423.0587461577892,0.051653780036380936
73.3178851184671,0.12083788127723724,0.27755997081773154,0.12423087100397762,4.063304368270939,422.9526740609584,0.05148837796208381
73.38353242102458,0.14213807544190354,0.29332203262254686,-0.018330278600115612,4.096790865058569,423.1109902978218,-0.028546305772848137
73.23012650194029,0.062451847371991887,0.3164958192601075,-0.02835321469193492,3.9380717486160193,422.94259478792344,0.01653605062776414
73.41279438146984,0.13442277431442906,0.2558399773500347,0.03530077829161177,3.9640131334302753,422.9497004822581,-0.03043710637465551
73.30642316493984,0.0838532228472328,0.28474802006826155,0.01686830147018345,3.996735296069391,423.03809327143017,0.017850835460737704
73.31293395290886,0.13584191552095495,0.4451723828187819,0.029355106981898027,4.0001445139115335,422.94116372610233,-0.001977090155061668
73.24102905127621,0.1616097669130537,0.3329367270128954,0.023286149344265778,3.9512363612424672,423.05590048282437,-0.0814716476677484
73.27152124962178,0.09360078966207393,0.3545984164909323,-0.009218356880899569,4.007900201117672,422.91864758724,-0.11551598909633205
73.25827856764688,0.11068446868887769,0.37310700654391504,0.02426167128095263,4.1428601478533125,422.9988164499164,-0.0071620200345757085
73.34891697870016,0.06287072353783256,0.3525073424203186,0.054569777887983076,3.9357914796384565,423.00896636407987,0.10691659044949862
73.23986551171957,0.1779588263855757,0.42316503889733054,-0.011440765813472906,3.9901559642724336,422.94216645211645,0.03154154613006771
73.27992862774812,0.13507307674892727,0.29630650868965197,0.036954221613604614,3.9493405517859705,422.91608319032406,0.08741384466194763
73.36263821079098,0.21372114687917249,0.33983698385116856,-0.07431745187674701,4.050414253607781,423.03018351214206,-0.014584700402971149
73.28268087616368,0.14840087322208034,0.32236622898570294,-0.009640741897681833,3.937632346852702,423.05471035736997,0.01206561274902961
73.37854307400282,0.2104123152079826,0.38997635104059886,0.025484595139855366,4.062735410441599,423.06440795288705,-0.06770593222790484
73.36102497682631,0.09772790211060839,0.35502901198925046,0.04295814637385514,3.9179353472418885,422.974734383937,0.01913890194717687
73.39536434701571,0.17626702846045791,0.29647643076321856,0.03709240826912268,3.977818860032081,423.02549843236307,-0.031180638217856067
73.30758150162035,0.11328025398769243,0.288265945938857,-0.008033660009069105,3.9075780713765527,423.0066430762835,-0.01066567843655515
73.33392399057243,0.1144657706056344,0.27064084421398815,0.012637400821850256,4.026993554505915,423.02700370209817,-0.0035172380289771226
73.32250913348174,0.17485047022726372,0.31933996600825526,0.009834337967301404,4.068025902823593,423.03987246828996,-0.03164805505258739
73.2615645141181,0.1282542208081764,0.3015271743901463,-0.003537747749583647,3.9788913152225946,422.9901787952031,0.05687412566747044
73.29100940397025,0.17183379785569186,0.3552290132414281,0.03956659333884492,4.098523465281652,423.0136322527618,-0.025177007648873168
73.29731856361084,0.22460992600227628,0.3641854794133999,-0.0006451599869612076,4.002388583401697,423.0346789038632,-0.05240987902979969
73.28591418726995,0.12586274278009452,0.3187008361925508,-0.09702280740612564,4.000546977934347,422.9971479346374,0.07130580980975587
73.22289057566319,0.08968244874112435,0.2556879600884031,-0.0646779892933625,4.024907882052364,422.9229535489685,-0.022974990184044464
73.32461536518878,0.11299802163337722,0.34142178686113567,0.058986641486303996,3.946319340214902,423.02279935027616,0.023084910130178965
73.34640111926676,0.07894248879342225,0.3218335333167669,0.06005546365036099,3.9669883379500557,423.0066173992591,-0.03898675906712895
73.34165806466956,0.11898787186098003,0.3703340251244576,0.007960625610382367,3.9499192812276953,422.97161688444,0.043221992584683955
73.34764314193913,0.22240996763156456,0.3710559586480276,-0.0022185026130207243,4.010089703512737,423.05457403041004,-0.004873827497071059
73.32007130572086,0.15414982846105577,0.3583106281202457,0.03155027975729877,4.0075478718988675,423.01780620468014,0.010103928323958662
73.27433304551212,0.23661616961966425,0.2123983082350463,-0.015843232080825737,3.967992996652997,423.02787055185144,0.04581107851067673
73.32588844545012,0.15246700547412925,0.2743810062481502,-0.08183560965644648,3.9388127093146514,422.98205741311284,0.012102936047721361
73.31329316622856,0.1797995671239143,0.3386782191368738,-0.015133109937254112,4.042037932831243,423.03861610311895,0.04268902024733476
73.34218544547373,0.1911965024642388,0.3479488510893809,-0.03266820218345525,3.934284157835151,423.01094259808065,-0.06373908824261364
73.36095035626386,0.12602960664387802,0.24756835150975465,-0.061816161589442156,3.897262419014027,423.0535007764125,-0.019568824094103866
73.25395269319245,0.2184054048778965,0.3026834771332478,0.1166681122094398,4.0108814818362415,423.04159845382776,-0.0723152380355199
73.27091735635598,0.18977060827248066,0.356712558666256,0.01631350581480588,3.971796078302449,423.02566787037625,-0.027992274578047
73.31720774385386,0.12100140167499437,0.3805964607499208,-0.09854634254545375,4.013764491289985,423.06954042646413,-0.03566768468355904
73.28543704953027,0.14665534890570736,0.393924768584005,0.003982444386920109,4.068812124940715,422.99777626319826,-0.08673759055270412
73.32138791027147,0.05920070846116214,0.28826778527371827,-0.024944027523331615,4.0063491368335304,423.0889093986026,-0.017325254814836693
73.44760794757829,0.19978015740621663,0.31425817546390294,0.04226394474788236,4.015954544679489,422.9791707671726,0.0905622334379194
73.38536459448405,0.12048959351231195,0.34534015282525105,0.06664260993479458,3.9360475237882815,422.9120068442346,0.01987519519224119
73.34041817627511,0.15812273816948572,0.379238829465846,-0.005833790998356597,3.9546144016022233,423.0164163187721,0.13453989300209176
73.2630433070996,0.16424906668155706,0.3115583379586018,-0.038193932904173264,3.9788182863915433,422.9608519666219,0.0597869743924798
73.25036270065416,0.0997673391633156,0.3189183728230463,0.028629996314820827,3.9511106468294823,423.0276403245135,0.06131830538704755
73.25834363845887,0.20153862208515452,0.35443559669686375,-0.0019673603417483133,3.97654098240643,422.9599212963294,0.0541565122376562
73.23228564930518,0.09272260985709746,0.39425476048443714,-0.07525317355129035,4.009881241212509,422.94183687772755,0.0106932182953735
73.3248840462571,0.16618551852171184,0.34447809472520635,-0.0321268975963847,4.040101099788972,423.06448115033845,0.07282522072074195
73.3169818516591,0.17362599043196708,0.35290688275957893,0.10773227131563448,3.987438041294143,422.97180588501163,-0.03924255246551045
